-- Création des tables
CREATE TABLE realisateur (id_realisateur INT PRIMARY KEY, nom VARCHAR(100), prenom VARCHAR(100), annee_naissance INT);
CREATE TABLE film (id_film INT PRIMARY KEY, titre VARCHAR(255), id_realisateur INT, annee_sortie INT, note FLOAT, FOREIGN KEY(id_realisateur) REFERENCES realisateur(id_realisateur));
CREATE TABLE salle (id_salle INT PRIMARY KEY, prix INT, nb_places INT);
CREATE TABLE programmation (id_programmation INT PRIMARY KEY, id_film INT, id_salle INT, FOREIGN KEY(id_film) REFERENCES film(id_film), FOREIGN KEY(id_salle) REFERENCES salle(id_salle));

-- Insertion des réalisateurs
INSERT INTO realisateur (id_realisateur, nom, prenom, annee_naissance) VALUES (1, 'Delacruz', 'Jacob', 1973);
INSERT INTO realisateur (id_realisateur, nom, prenom, annee_naissance) VALUES (2, 'Harrison', 'Victoria', 1941);
INSERT INTO realisateur (id_realisateur, nom, prenom, annee_naissance) VALUES (3, 'Gomez', 'Keith', 1967);
INSERT INTO realisateur (id_realisateur, nom, prenom, annee_naissance) VALUES (4, 'Cox', 'Timothy', 1975);
INSERT INTO realisateur (id_realisateur, nom, prenom, annee_naissance) VALUES (5, 'Romero', 'Sherri', 1956);
INSERT INTO realisateur (id_realisateur, nom, prenom, annee_naissance) VALUES (6, 'Graham', 'Teresa', 1954);
INSERT INTO realisateur (id_realisateur, nom, prenom, annee_naissance) VALUES (7, 'Miller', 'Kristin', 1985);
INSERT INTO realisateur (id_realisateur, nom, prenom, annee_naissance) VALUES (8, 'Smith', 'Jason', 1958);
INSERT INTO realisateur (id_realisateur, nom, prenom, annee_naissance) VALUES (9, 'Jordan', 'Rachel', 1983);
INSERT INTO realisateur (id_realisateur, nom, prenom, annee_naissance) VALUES (10, 'Weeks', 'Steve', 1954);
INSERT INTO realisateur (id_realisateur, nom, prenom, annee_naissance) VALUES (11, 'Oneal', 'Amber', 1952);
INSERT INTO realisateur (id_realisateur, nom, prenom, annee_naissance) VALUES (12, 'Love', 'Tina', 1952);
INSERT INTO realisateur (id_realisateur, nom, prenom, annee_naissance) VALUES (13, 'Santos', 'Stephanie', 1946);
INSERT INTO realisateur (id_realisateur, nom, prenom, annee_naissance) VALUES (14, 'Powell', 'Brendan', 1959);
INSERT INTO realisateur (id_realisateur, nom, prenom, annee_naissance) VALUES (15, 'Moore', 'Mathew', 1961);
INSERT INTO realisateur (id_realisateur, nom, prenom, annee_naissance) VALUES (16, 'Smith', 'Brittney', 1963);
INSERT INTO realisateur (id_realisateur, nom, prenom, annee_naissance) VALUES (17, 'Smith', 'Denise', 1955);
INSERT INTO realisateur (id_realisateur, nom, prenom, annee_naissance) VALUES (18, 'Guzman', 'Jason', 1977);
INSERT INTO realisateur (id_realisateur, nom, prenom, annee_naissance) VALUES (19, 'Love', 'Scott', 1961);
INSERT INTO realisateur (id_realisateur, nom, prenom, annee_naissance) VALUES (20, 'Bailey', 'Rebecca', 1968);

-- Insertion des films
INSERT INTO film (id_film, titre, id_realisateur, annee_sortie, note) VALUES (1, 'Project may', 19, 2020, 4.3);
INSERT INTO film (id_film, titre, id_realisateur, annee_sortie, note) VALUES (2, 'Local our', 18, 2007, 4.5);
INSERT INTO film (id_film, titre, id_realisateur, annee_sortie, note) VALUES (3, 'Owner teach understand real', 9, 1986, 2.8);
INSERT INTO film (id_film, titre, id_realisateur, annee_sortie, note) VALUES (4, 'Financial create', 20, 2010, 4.0);
INSERT INTO film (id_film, titre, id_realisateur, annee_sortie, note) VALUES (5, 'Attention south present', 10, 2012, 2.7);
INSERT INTO film (id_film, titre, id_realisateur, annee_sortie, note) VALUES (6, 'Natural church', 3, 2015, 4.6);
INSERT INTO film (id_film, titre, id_realisateur, annee_sortie, note) VALUES (7, 'Pull', 4, 2000, 2.5);
INSERT INTO film (id_film, titre, id_realisateur, annee_sortie, note) VALUES (8, 'Election middle population', 19, 1995, 3.6);
INSERT INTO film (id_film, titre, id_realisateur, annee_sortie, note) VALUES (9, 'Lay wall', 10, 2020, 3.6);
INSERT INTO film (id_film, titre, id_realisateur, annee_sortie, note) VALUES (10, 'World sometimes', 8, 1982, 2.2);
INSERT INTO film (id_film, titre, id_realisateur, annee_sortie, note) VALUES (11, 'Nothing arm girl', 13, 2021, 4.3);
INSERT INTO film (id_film, titre, id_realisateur, annee_sortie, note) VALUES (12, 'Main help', 5, 2001, 2.1);
INSERT INTO film (id_film, titre, id_realisateur, annee_sortie, note) VALUES (13, 'Leave improve man', 15, 2022, 3.5);
INSERT INTO film (id_film, titre, id_realisateur, annee_sortie, note) VALUES (14, 'Exactly almost', 3, 2013, 2.9);
INSERT INTO film (id_film, titre, id_realisateur, annee_sortie, note) VALUES (15, 'Among play culture today', 5, 2020, 4.8);
INSERT INTO film (id_film, titre, id_realisateur, annee_sortie, note) VALUES (16, 'Feeling window have my', 9, 1995, 4.1);
INSERT INTO film (id_film, titre, id_realisateur, annee_sortie, note) VALUES (17, 'Former', 3, 1988, 3.1);
INSERT INTO film (id_film, titre, id_realisateur, annee_sortie, note) VALUES (18, 'These material', 11, 1990, 4.0);
INSERT INTO film (id_film, titre, id_realisateur, annee_sortie, note) VALUES (19, 'Pretty recent ok', 4, 1998, 4.8);
INSERT INTO film (id_film, titre, id_realisateur, annee_sortie, note) VALUES (20, 'Beat catch your', 10, 1980, 2.8);
INSERT INTO film (id_film, titre, id_realisateur, annee_sortie, note) VALUES (21, 'Although win', 10, 2006, 2.4);
INSERT INTO film (id_film, titre, id_realisateur, annee_sortie, note) VALUES (22, 'Key adult', 19, 2011, 2.2);
INSERT INTO film (id_film, titre, id_realisateur, annee_sortie, note) VALUES (23, 'Indicate rise rock', 11, 2019, 2.3);
INSERT INTO film (id_film, titre, id_realisateur, annee_sortie, note) VALUES (24, 'Life officer', 15, 2003, 2.3);
INSERT INTO film (id_film, titre, id_realisateur, annee_sortie, note) VALUES (25, 'Where you', 2, 1987, 2.9);
INSERT INTO film (id_film, titre, id_realisateur, annee_sortie, note) VALUES (26, 'Spring our', 1, 1986, 2.2);
INSERT INTO film (id_film, titre, id_realisateur, annee_sortie, note) VALUES (27, 'Scene manager', 17, 1983, 4.2);
INSERT INTO film (id_film, titre, id_realisateur, annee_sortie, note) VALUES (28, 'Across wear staff film', 15, 1983, 2.1);
INSERT INTO film (id_film, titre, id_realisateur, annee_sortie, note) VALUES (29, 'Education population', 7, 1991, 2.1);
INSERT INTO film (id_film, titre, id_realisateur, annee_sortie, note) VALUES (30, 'Nation Mr', 1, 2020, 2.7);
INSERT INTO film (id_film, titre, id_realisateur, annee_sortie, note) VALUES (31, 'Water heart production', 12, 2006, 2.9);
INSERT INTO film (id_film, titre, id_realisateur, annee_sortie, note) VALUES (32, 'Agreement piece general into', 4, 2004, 2.7);
INSERT INTO film (id_film, titre, id_realisateur, annee_sortie, note) VALUES (33, 'Direction behind child', 3, 1983, 3.3);
INSERT INTO film (id_film, titre, id_realisateur, annee_sortie, note) VALUES (34, 'Science nature', 17, 2019, 3.8);
INSERT INTO film (id_film, titre, id_realisateur, annee_sortie, note) VALUES (35, 'Them increase', 4, 2009, 3.3);
INSERT INTO film (id_film, titre, id_realisateur, annee_sortie, note) VALUES (36, 'Star trouble past', 4, 2020, 2.3);
INSERT INTO film (id_film, titre, id_realisateur, annee_sortie, note) VALUES (37, 'Politics financial', 10, 2001, 2.5);
INSERT INTO film (id_film, titre, id_realisateur, annee_sortie, note) VALUES (38, 'Land blood', 18, 2007, 3.4);
INSERT INTO film (id_film, titre, id_realisateur, annee_sortie, note) VALUES (39, 'Society', 5, 1990, 3.6);
INSERT INTO film (id_film, titre, id_realisateur, annee_sortie, note) VALUES (40, 'Almost poor stand', 5, 1980, 3.8);
INSERT INTO film (id_film, titre, id_realisateur, annee_sortie, note) VALUES (41, 'Safe figure', 16, 2009, 3.9);
INSERT INTO film (id_film, titre, id_realisateur, annee_sortie, note) VALUES (42, 'Public listen', 9, 2013, 2.8);
INSERT INTO film (id_film, titre, id_realisateur, annee_sortie, note) VALUES (43, 'Meet share', 13, 2023, 3.5);
INSERT INTO film (id_film, titre, id_realisateur, annee_sortie, note) VALUES (44, 'Bit author manager', 6, 1997, 2.1);
INSERT INTO film (id_film, titre, id_realisateur, annee_sortie, note) VALUES (45, 'Current right', 15, 2004, 3.6);
INSERT INTO film (id_film, titre, id_realisateur, annee_sortie, note) VALUES (46, 'Structure check pass', 8, 1987, 2.8);
INSERT INTO film (id_film, titre, id_realisateur, annee_sortie, note) VALUES (47, 'Something sense social', 16, 2004, 2.1);
INSERT INTO film (id_film, titre, id_realisateur, annee_sortie, note) VALUES (48, 'Free detail moment', 15, 2020, 3.5);
INSERT INTO film (id_film, titre, id_realisateur, annee_sortie, note) VALUES (49, 'Organization special doctor', 6, 2008, 2.7);
INSERT INTO film (id_film, titre, id_realisateur, annee_sortie, note) VALUES (50, 'Piece member', 7, 2005, 4.6);

-- Insertion des salles
INSERT INTO salle (id_salle, prix, nb_places) VALUES (1, 12, 150);
INSERT INTO salle (id_salle, prix, nb_places) VALUES (2, 15, 150);
INSERT INTO salle (id_salle, prix, nb_places) VALUES (3, 9, 200);
INSERT INTO salle (id_salle, prix, nb_places) VALUES (4, 13, 100);
INSERT INTO salle (id_salle, prix, nb_places) VALUES (5, 10, 50);
INSERT INTO salle (id_salle, prix, nb_places) VALUES (6, 7, 250);
INSERT INTO salle (id_salle, prix, nb_places) VALUES (7, 15, 50);
INSERT INTO salle (id_salle, prix, nb_places) VALUES (8, 14, 120);
INSERT INTO salle (id_salle, prix, nb_places) VALUES (9, 15, 200);
INSERT INTO salle (id_salle, prix, nb_places) VALUES (10, 14, 120);

-- Insertion des programmations
INSERT INTO programmation (id_programmation, id_film, id_salle) VALUES (1, 33, 10);
INSERT INTO programmation (id_programmation, id_film, id_salle) VALUES (2, 45, 7);
INSERT INTO programmation (id_programmation, id_film, id_salle) VALUES (3, 25, 1);
INSERT INTO programmation (id_programmation, id_film, id_salle) VALUES (4, 15, 8);
INSERT INTO programmation (id_programmation, id_film, id_salle) VALUES (5, 3, 8);
INSERT INTO programmation (id_programmation, id_film, id_salle) VALUES (6, 5, 3);
INSERT INTO programmation (id_programmation, id_film, id_salle) VALUES (7, 47, 1);
INSERT INTO programmation (id_programmation, id_film, id_salle) VALUES (8, 14, 7);
INSERT INTO programmation (id_programmation, id_film, id_salle) VALUES (9, 40, 10);
INSERT INTO programmation (id_programmation, id_film, id_salle) VALUES (10, 20, 2);
INSERT INTO programmation (id_programmation, id_film, id_salle) VALUES (11, 16, 5);
INSERT INTO programmation (id_programmation, id_film, id_salle) VALUES (12, 35, 6);
INSERT INTO programmation (id_programmation, id_film, id_salle) VALUES (13, 46, 10);
INSERT INTO programmation (id_programmation, id_film, id_salle) VALUES (14, 34, 1);
INSERT INTO programmation (id_programmation, id_film, id_salle) VALUES (15, 1, 5);
INSERT INTO programmation (id_programmation, id_film, id_salle) VALUES (16, 15, 8);
INSERT INTO programmation (id_programmation, id_film, id_salle) VALUES (17, 6, 10);
INSERT INTO programmation (id_programmation, id_film, id_salle) VALUES (18, 6, 4);
INSERT INTO programmation (id_programmation, id_film, id_salle) VALUES (19, 32, 9);
INSERT INTO programmation (id_programmation, id_film, id_salle) VALUES (20, 24, 8);
INSERT INTO programmation (id_programmation, id_film, id_salle) VALUES (21, 34, 5);
INSERT INTO programmation (id_programmation, id_film, id_salle) VALUES (22, 39, 6);
INSERT INTO programmation (id_programmation, id_film, id_salle) VALUES (23, 11, 6);
INSERT INTO programmation (id_programmation, id_film, id_salle) VALUES (24, 39, 2);
INSERT INTO programmation (id_programmation, id_film, id_salle) VALUES (25, 18, 9);
INSERT INTO programmation (id_programmation, id_film, id_salle) VALUES (26, 1, 9);
INSERT INTO programmation (id_programmation, id_film, id_salle) VALUES (27, 41, 10);
INSERT INTO programmation (id_programmation, id_film, id_salle) VALUES (28, 24, 1);
INSERT INTO programmation (id_programmation, id_film, id_salle) VALUES (29, 31, 5);
INSERT INTO programmation (id_programmation, id_film, id_salle) VALUES (30, 48, 1);
INSERT INTO programmation (id_programmation, id_film, id_salle) VALUES (31, 23, 10);
INSERT INTO programmation (id_programmation, id_film, id_salle) VALUES (32, 34, 7);
INSERT INTO programmation (id_programmation, id_film, id_salle) VALUES (33, 5, 8);
INSERT INTO programmation (id_programmation, id_film, id_salle) VALUES (34, 16, 4);
INSERT INTO programmation (id_programmation, id_film, id_salle) VALUES (35, 44, 2);
INSERT INTO programmation (id_programmation, id_film, id_salle) VALUES (36, 38, 4);
INSERT INTO programmation (id_programmation, id_film, id_salle) VALUES (37, 29, 1);
INSERT INTO programmation (id_programmation, id_film, id_salle) VALUES (38, 17, 8);
INSERT INTO programmation (id_programmation, id_film, id_salle) VALUES (39, 27, 10);
INSERT INTO programmation (id_programmation, id_film, id_salle) VALUES (40, 22, 9);
INSERT INTO programmation (id_programmation, id_film, id_salle) VALUES (41, 6, 6);
INSERT INTO programmation (id_programmation, id_film, id_salle) VALUES (42, 39, 6);
INSERT INTO programmation (id_programmation, id_film, id_salle) VALUES (43, 38, 3);
INSERT INTO programmation (id_programmation, id_film, id_salle) VALUES (44, 5, 1);
INSERT INTO programmation (id_programmation, id_film, id_salle) VALUES (45, 25, 8);
INSERT INTO programmation (id_programmation, id_film, id_salle) VALUES (46, 23, 9);
INSERT INTO programmation (id_programmation, id_film, id_salle) VALUES (47, 38, 3);
INSERT INTO programmation (id_programmation, id_film, id_salle) VALUES (48, 11, 3);
INSERT INTO programmation (id_programmation, id_film, id_salle) VALUES (49, 48, 6);
INSERT INTO programmation (id_programmation, id_film, id_salle) VALUES (50, 6, 1);